{
    "Validation Loss": 0.0008864617776735682,
    "Mean Absolute Error": 0.02821752056479454,
    "Mean Squared Error": 0.0018633799627423286,
    "RMSE": 0.043166883289813995,
    "R-squared": 0.9981373221530508
}