{
    "Validation Loss": 0.0036427543736935715,
    "Mean Absolute Error": 0.05980176106095314,
    "Mean Squared Error": 0.007285722531378269,
    "RMSE": 0.0853564441204071,
    "R-squared": 0.9927358795369404
}