{
    "Validation Loss": 1.9586514578084717,
    "Mean Absolute Error": 2.439275026321411,
    "Mean Squared Error": 10.06466293334961
}