{
    "best_individual": [
        "CSCO",
        "MSFT",
        "DIS",
        "UNH",
        "MMM",
        "V",
        "KO"
    ],
    "returns": 1060.2121464226877,
    "drawdown": -31.201123128120056
}